dataset,model,model_key,method,trial,trial_key,graph_file,gcc,alcc,k4_count,k4_density,C3_global,C3_avg_local
bio-CE-PG,Erdős–Rényi,ER,EDGEIND,0,0,/data/stf95557/edge-probability-graph-model/cluster_analysis/results/data/orig_er/bio-CE-PG_0.txt,0.03349557999766052,0.03349759619822649,455.0,1.337095163473567e-09,0.0010950809006057642,0.00035668054476741
bio-CE-PG,Erdős–Rényi,ER,EDGEIND,1,1,/data/stf95557/edge-probability-graph-model/cluster_analysis/results/data/orig_er/bio-CE-PG_1.txt,0.03336994215304994,0.03338064109427009,448.0,1.3165244686508967e-09,0.0010814412135315332,0.00035048546303224486
bio-CE-PG,Erdős–Rényi,ER,EDGEIND,2,2,/data/stf95557/edge-probability-graph-model/cluster_analysis/results/data/orig_er/bio-CE-PG_2.txt,0.03307211117409119,0.03306179710951583,407.0,1.196038970403828e-09,0.001002318425727979,0.00032228035207933366
bio-CE-PG,Erdős–Rényi,ER,EDGEIND,3,3,/data/stf95557/edge-probability-graph-model/cluster_analysis/results/data/orig_er/bio-CE-PG_3.txt,0.03278355541111472,0.032770262531711856,442.0,1.2988924445171793e-09,0.0011178473261656784,0.00035916103487672655
bio-CE-PG,Erdős–Rényi,ER,EDGEIND,4,4,/data/stf95557/edge-probability-graph-model/cluster_analysis/results/data/orig_er/bio-CE-PG_4.txt,0.03352504160592345,0.033499314567965954,484.0,1.422316613453201e-09,0.001146135197776403,0.000367927494822856
bio-CE-PG,Erdős–Rényi,ER,EDGEIND,5,5,/data/stf95557/edge-probability-graph-model/cluster_analysis/results/data/orig_er/bio-CE-PG_5.txt,0.03295456879494453,0.032946889485789554,430.0,1.2636283962497447e-09,0.0010699988698655348,0.0003378353484977883
bio-CE-PG,Erdős–Rényi,ER,EDGEIND,6,6,/data/stf95557/edge-probability-graph-model/cluster_analysis/results/data/orig_er/bio-CE-PG_6.txt,0.03315283582679229,0.033142248463528395,449.0,1.3194631393398495e-09,0.0011080138727943315,0.000356888808511232
bio-CE-PG,Erdős–Rényi,ER,EDGEIND,7,7,/data/stf95557/edge-probability-graph-model/cluster_analysis/results/data/orig_er/bio-CE-PG_7.txt,0.03292226331394842,0.032922098113318726,461.0,1.3547271876072844e-09,0.001155125262810834,0.0003713924122737762
bio-CE-PG,Erdős–Rényi,ER,EDGEIND,8,8,/data/stf95557/edge-probability-graph-model/cluster_analysis/results/data/orig_er/bio-CE-PG_8.txt,0.03308695235977699,0.03307893320306378,443.0,1.3018311152061323e-09,0.0011027174226448707,0.0003610820505952235
bio-CE-PG,Erdős–Rényi,ER,EDGEIND,9,9,/data/stf95557/edge-probability-graph-model/cluster_analysis/results/data/orig_er/bio-CE-PG_9.txt,0.032950190689829226,0.032905238582030504,453.0,1.3312178220956611e-09,0.0011383096478652926,0.00035875406667380144
bio-CE-PG,Erdős–Rényi,ER,EDGEIND,10,10,/data/stf95557/edge-probability-graph-model/cluster_analysis/results/data/orig_er/bio-CE-PG_10.txt,0.0329601801382723,0.0329258965116905,480.0,1.4105619306973894e-09,0.0011651571879983146,0.0003745850634527062
bio-CE-PG,Erdős–Rényi,ER,EDGEIND,11,11,/data/stf95557/edge-probability-graph-model/cluster_analysis/results/data/orig_er/bio-CE-PG_11.txt,0.03301092572589222,0.03296792080753411,498.0,1.4634580030985415e-09,0.0012328863776370587,0.00039260453227498907
bio-CE-PG,Erdős–Rényi,ER,EDGEIND,12,12,/data/stf95557/edge-probability-graph-model/cluster_analysis/results/data/orig_er/bio-CE-PG_12.txt,0.033231386899946314,0.033205781496906686,433.0,1.2724444083166033e-09,0.0010580170447441843,0.0003434796643390659
bio-CE-PG,Erdős–Rényi,ER,EDGEIND,13,13,/data/stf95557/edge-probability-graph-model/cluster_analysis/results/data/orig_er/bio-CE-PG_13.txt,0.03291265391807835,0.03284689958616147,444.0,1.3047697858950851e-09,0.0010983356751301182,0.0003475098227812534
bio-CE-PG,Erdős–Rényi,ER,EDGEIND,14,14,/data/stf95557/edge-probability-graph-model/cluster_analysis/results/data/orig_er/bio-CE-PG_14.txt,0.032993561612972434,0.032951069377880324,437.0,1.284199091072415e-09,0.0011018603032763325,0.000349290816503957
bio-CE-PG,Erdős–Rényi,ER,EDGEIND,15,15,/data/stf95557/edge-probability-graph-model/cluster_analysis/results/data/orig_er/bio-CE-PG_15.txt,0.03327719556199035,0.03322376106101458,442.0,1.2988924445171793e-09,0.001064903071534623,0.0003385814029993326
bio-CE-PG,Erdős–Rényi,ER,EDGEIND,16,16,/data/stf95557/edge-probability-graph-model/cluster_analysis/results/data/orig_er/bio-CE-PG_16.txt,0.03306299492637161,0.033026568011676964,444.0,1.3047697858950851e-09,0.0010757119070688285,0.0003385888797935718
bio-CE-PG,Erdős–Rényi,ER,EDGEIND,17,17,/data/stf95557/edge-probability-graph-model/cluster_analysis/results/data/orig_er/bio-CE-PG_17.txt,0.033304913984355033,0.03331106640963737,480.0,1.4105619306973894e-09,0.001165015082495608,0.00037602122330167867
bio-CE-PG,Erdős–Rényi,ER,EDGEIND,18,18,/data/stf95557/edge-probability-graph-model/cluster_analysis/results/data/orig_er/bio-CE-PG_18.txt,0.03315376814075703,0.033181985030433965,439.0,1.2900764324503207e-09,0.001068766003340604,0.00034419503576660847
bio-CE-PG,Erdős–Rényi,ER,EDGEIND,19,19,/data/stf95557/edge-probability-graph-model/cluster_analysis/results/data/orig_er/bio-CE-PG_19.txt,0.03338597764986789,0.03335872507075185,442.0,1.2988924445171793e-09,0.0010599005683776747,0.0003393076380884292
bio-CE-PG,Erdős–Rényi,ER,EDGEIND,20,20,/data/stf95557/edge-probability-graph-model/cluster_analysis/results/data/orig_er/bio-CE-PG_20.txt,0.03318757320290397,0.03317787939293503,447.0,1.313585797961944e-09,0.0010859209658461255,0.0003444303330002683
bio-CE-PG,Erdős–Rényi,ER,EDGEIND,21,21,/data/stf95557/edge-probability-graph-model/cluster_analysis/results/data/orig_er/bio-CE-PG_21.txt,0.03329830216974664,0.03327888515694438,435.0,1.278321749694509e-09,0.0010635254769361664,0.0003410579455111198
bio-CE-PG,Erdős–Rényi,ER,EDGEIND,22,22,/data/stf95557/edge-probability-graph-model/cluster_analysis/results/data/orig_er/bio-CE-PG_22.txt,0.032947154069709966,0.0329281709375948,423.0,1.2430577014270745e-09,0.0010505479986191379,0.00032953004854880926
bio-CE-PG,Erdős–Rényi,ER,EDGEIND,23,23,/data/stf95557/edge-probability-graph-model/cluster_analysis/results/data/orig_er/bio-CE-PG_23.txt,0.03293743879816778,0.03293703389679803,452.0,1.3282791514067083e-09,0.0011123504740717133,0.0003586810086036986
bio-CE-PG,Erdős–Rényi,ER,EDGEIND,24,24,/data/stf95557/edge-probability-graph-model/cluster_analysis/results/data/orig_er/bio-CE-PG_24.txt,0.03364698502313181,0.03364022075492366,479.0,1.4076232600084364e-09,0.0011351883300743737,0.0003629283669172571
bio-CE-PG,Erdős–Rényi,ER,EDGEIND,25,25,/data/stf95557/edge-probability-graph-model/cluster_analysis/results/data/orig_er/bio-CE-PG_25.txt,0.03359774192828614,0.03358832989644237,475.0,1.3958685772526248e-09,0.0011186643853763481,0.0003632196106974763
bio-CE-PG,Erdős–Rényi,ER,EDGEIND,26,26,/data/stf95557/edge-probability-graph-model/cluster_analysis/results/data/orig_er/bio-CE-PG_26.txt,0.033179688105961745,0.03317884544753218,442.0,1.2988924445171793e-09,0.0010770990943351167,0.00034474167329576926
bio-CE-PG,Erdős–Rényi,ER,EDGEIND,27,27,/data/stf95557/edge-probability-graph-model/cluster_analysis/results/data/orig_er/bio-CE-PG_27.txt,0.03318027345175858,0.033198422342677406,446.0,1.310647127272991e-09,0.0010674378599386703,0.0003432541468131559
bio-CE-PG,Erdős–Rényi,ER,EDGEIND,28,28,/data/stf95557/edge-probability-graph-model/cluster_analysis/results/data/orig_er/bio-CE-PG_28.txt,0.032859543855776226,0.032860241257257845,405.0,1.1901616290259222e-09,0.0010046123281642653,0.0003206400067611666
bio-CE-PG,Erdős–Rényi,ER,EDGEIND,29,29,/data/stf95557/edge-probability-graph-model/cluster_analysis/results/data/orig_er/bio-CE-PG_29.txt,0.03346763033841938,0.033488049809214125,488.0,1.4340712962090124e-09,0.0011841354961600525,0.0003807049714923413
bio-CE-PG,Erdős–Rényi,ER,EDGEIND,30,30,/data/stf95557/edge-probability-graph-model/cluster_analysis/results/data/orig_er/bio-CE-PG_30.txt,0.03328797236470219,0.03330149199486674,487.0,1.4311326255200596e-09,0.0011879333293762658,0.0003819017317151686
bio-CE-PG,Erdős–Rényi,ER,EDGEIND,31,31,/data/stf95557/edge-probability-graph-model/cluster_analysis/results/data/orig_er/bio-CE-PG_31.txt,0.032854615864858265,0.03285922219567457,427.0,1.2548123841828859e-09,0.0010495550144825891,0.0003349747844100726
bio-CE-PG,Erdős–Rényi,ER,EDGEIND,32,32,/data/stf95557/edge-probability-graph-model/cluster_analysis/results/data/orig_er/bio-CE-PG_32.txt,0.03331747338291996,0.03329126317124494,485.0,1.4252552841421538e-09,0.001161743661460711,0.0003713320683511764
bio-CE-PG,Erdős–Rényi,ER,EDGEIND,33,33,/data/stf95557/edge-probability-graph-model/cluster_analysis/results/data/orig_er/bio-CE-PG_33.txt,0.03338877468129339,0.03340794173717489,490.0,1.4399486375869182e-09,0.0011753770501634134,0.00037369117270769206
bio-CE-PG,Erdős–Rényi,ER,EDGEIND,34,34,/data/stf95557/edge-probability-graph-model/cluster_analysis/results/data/orig_er/bio-CE-PG_34.txt,0.03323687716013825,0.0332328037000859,417.0,1.225425677293357e-09,0.0010068055953764204,0.0003189606564383925
bio-CE-PG,Erdős–Rényi,ER,EDGEIND,35,35,/data/stf95557/edge-probability-graph-model/cluster_analysis/results/data/orig_er/bio-CE-PG_35.txt,0.033215919176391155,0.03323241841247615,432.0,1.2695057376276505e-09,0.0010396551008379211,0.0003402944262675029
bio-CE-PG,Erdős–Rényi,ER,EDGEIND,36,36,/data/stf95557/edge-probability-graph-model/cluster_analysis/results/data/orig_er/bio-CE-PG_36.txt,0.03326156962806682,0.03327801365102958,483.0,1.419377942764248e-09,0.0011790500144228167,0.0003872315826717536
bio-CE-PG,Erdős–Rényi,ER,EDGEIND,37,37,/data/stf95557/edge-probability-graph-model/cluster_analysis/results/data/orig_er/bio-CE-PG_37.txt,0.033136726661896154,0.03315051661633955,414.0,1.2166096652264982e-09,0.0010191427753793321,0.000323417753472491
bio-CE-PG,Erdős–Rényi,ER,EDGEIND,38,38,/data/stf95557/edge-probability-graph-model/cluster_analysis/results/data/orig_er/bio-CE-PG_38.txt,0.03316062563271161,0.03316457029387941,457.0,1.3429725048514728e-09,0.0010992189412020092,0.00035131278368393865
bio-CE-PG,Erdős–Rényi,ER,EDGEIND,39,39,/data/stf95557/edge-probability-graph-model/cluster_analysis/results/data/orig_er/bio-CE-PG_39.txt,0.03301210523655883,0.03303800706446506,459.0,1.3488498462293786e-09,0.0011380064185380172,0.00036770176782847843
bio-CE-PG,Erdős–Rényi,ER,EDGEIND,40,40,/data/stf95557/edge-probability-graph-model/cluster_analysis/results/data/orig_er/bio-CE-PG_40.txt,0.03299126744721483,0.032962078441260555,477.0,1.4017459186305306e-09,0.0011560674962454063,0.00037124197828186726
bio-CE-PG,Erdős–Rényi,ER,EDGEIND,41,41,/data/stf95557/edge-probability-graph-model/cluster_analysis/results/data/orig_er/bio-CE-PG_41.txt,0.03317563491890601,0.03318819329590854,461.0,1.3547271876072844e-09,0.0011173834321850057,0.0003599187353019978
bio-CE-PG,Erdős–Rényi,ER,EDGEIND,42,42,/data/stf95557/edge-probability-graph-model/cluster_analysis/results/data/orig_er/bio-CE-PG_42.txt,0.03306707060429815,0.03307368808439115,485.0,1.4252552841421538e-09,0.001202076494199671,0.0003797383895572216
bio-CE-PG,Erdős–Rényi,ER,EDGEIND,43,43,/data/stf95557/edge-probability-graph-model/cluster_analysis/results/data/orig_er/bio-CE-PG_43.txt,0.032881343985142426,0.03289839181744021,428.0,1.2577510548718389e-09,0.001077462098445547,0.0003501061688285704
bio-CE-PG,Erdős–Rényi,ER,EDGEIND,44,44,/data/stf95557/edge-probability-graph-model/cluster_analysis/results/data/orig_er/bio-CE-PG_44.txt,0.03286507077773237,0.03285169961130494,409.0,1.2019163117817338e-09,0.0010154853235680116,0.00032532380242854584
bio-CE-PG,Erdős–Rényi,ER,EDGEIND,45,45,/data/stf95557/edge-probability-graph-model/cluster_analysis/results/data/orig_er/bio-CE-PG_45.txt,0.033057530157997395,0.03303219098820129,431.0,1.2665670669386975e-09,0.0010711733822113144,0.00034868245434918486
bio-CE-PG,Erdős–Rényi,ER,EDGEIND,46,46,/data/stf95557/edge-probability-graph-model/cluster_analysis/results/data/orig_er/bio-CE-PG_46.txt,0.032976955330205726,0.03295916725732377,473.0,1.3899912358747192e-09,0.0011624153992597897,0.00037704081962375643
bio-CE-PG,Erdős–Rényi,ER,EDGEIND,47,47,/data/stf95557/edge-probability-graph-model/cluster_analysis/results/data/orig_er/bio-CE-PG_47.txt,0.032503727307108266,0.032510176723146246,417.0,1.225425677293357e-09,0.0010634217145018717,0.000337585843752906
bio-CE-PG,Erdős–Rényi,ER,EDGEIND,48,48,/data/stf95557/edge-probability-graph-model/cluster_analysis/results/data/orig_er/bio-CE-PG_48.txt,0.03272433446426068,0.03267987850681724,421.0,1.2371803600491687e-09,0.001051482252802808,0.0003344957550592566
bio-CE-PG,Erdős–Rényi,ER,EDGEIND,49,49,/data/stf95557/edge-probability-graph-model/cluster_analysis/results/data/orig_er/bio-CE-PG_49.txt,0.03303742327616539,0.03302808351713262,433.0,1.2724444083166033e-09,0.0010783130004785584,0.0003429437983147102
bio-CE-PG,Erdős–Rényi,ER,EDGEIND,50,50,/data/stf95557/edge-probability-graph-model/cluster_analysis/results/data/orig_er/bio-CE-PG_50.txt,0.03279672745034191,0.032819496729857976,410.0,1.2048549824706868e-09,0.0010099280857305782,0.0003229061412001183
bio-CE-PG,Erdős–Rényi,ER,EDGEIND,51,51,/data/stf95557/edge-probability-graph-model/cluster_analysis/results/data/orig_er/bio-CE-PG_51.txt,0.03330577616349985,0.03333380375559494,423.0,1.2430577014270745e-09,0.0010253346123756434,0.00032715491867241496
bio-CE-PG,Erdős–Rényi,ER,EDGEIND,52,52,/data/stf95557/edge-probability-graph-model/cluster_analysis/results/data/orig_er/bio-CE-PG_52.txt,0.03340419273757955,0.03334780848961582,498.0,1.4634580030985415e-09,0.0011795688257487083,0.0003733277354810706
bio-CE-PG,Erdős–Rényi,ER,EDGEIND,53,53,/data/stf95557/edge-probability-graph-model/cluster_analysis/results/data/orig_er/bio-CE-PG_53.txt,0.032969937282197936,0.03296592856959784,454.0,1.3341564927846141e-09,0.0011382927489205755,0.00036038206289270474
bio-CE-PG,Erdős–Rényi,ER,EDGEIND,54,54,/data/stf95557/edge-probability-graph-model/cluster_analysis/results/data/orig_er/bio-CE-PG_54.txt,0.03322162467773816,0.03323581943875976,428.0,1.2577510548718389e-09,0.0010388250758943027,0.0003363415029036775
bio-CE-PG,Erdős–Rényi,ER,EDGEIND,55,55,/data/stf95557/edge-probability-graph-model/cluster_analysis/results/data/orig_er/bio-CE-PG_55.txt,0.03314082411589118,0.033167393074283694,423.0,1.2430577014270745e-09,0.001036514468933358,0.0003323542117523953
bio-CE-PG,Erdős–Rényi,ER,EDGEIND,56,56,/data/stf95557/edge-probability-graph-model/cluster_analysis/results/data/orig_er/bio-CE-PG_56.txt,0.0331060783098458,0.033132522796907496,429.0,1.2606897255607917e-09,0.0010460905717734365,0.00034220392116911957
bio-CE-PG,Erdős–Rényi,ER,EDGEIND,57,57,/data/stf95557/edge-probability-graph-model/cluster_analysis/results/data/orig_er/bio-CE-PG_57.txt,0.03321450087520466,0.03315241139168585,468.0,1.3752978824299546e-09,0.001150690455252156,0.0003690448498020693
bio-CE-PG,Erdős–Rényi,ER,EDGEIND,58,58,/data/stf95557/edge-probability-graph-model/cluster_analysis/results/data/orig_er/bio-CE-PG_58.txt,0.03326123569539525,0.03324638524389521,452.0,1.3282791514067083e-09,0.0010913656557852039,0.0003406315329577733
bio-CE-PG,Erdős–Rényi,ER,EDGEIND,59,59,/data/stf95557/edge-probability-graph-model/cluster_analysis/results/data/orig_er/bio-CE-PG_59.txt,0.033137501444169534,0.033160423054798834,437.0,1.284199091072415e-09,0.0010595437738670115,0.0003383495210026673
bio-CE-PG,Erdős–Rényi,ER,EDGEIND,60,60,/data/stf95557/edge-probability-graph-model/cluster_analysis/results/data/orig_er/bio-CE-PG_60.txt,0.03323274741378631,0.03323256374254556,449.0,1.3194631393398495e-09,0.0010862747730828854,0.0003512176622780506
bio-CE-PG,Erdős–Rényi,ER,EDGEIND,61,61,/data/stf95557/edge-probability-graph-model/cluster_analysis/results/data/orig_er/bio-CE-PG_61.txt,0.03279291394070586,0.032743485844031577,412.0,1.2107323238485924e-09,0.0010285820567771471,0.0003268470250167083
bio-CE-PG,Erdős–Rényi,ER,EDGEIND,62,62,/data/stf95557/edge-probability-graph-model/cluster_analysis/results/data/orig_er/bio-CE-PG_62.txt,0.032596967288180165,0.032660159874256064,434.0,1.2753830790055563e-09,0.001082437104647018,0.00034740599981759375
bio-CE-PG,Erdős–Rényi,ER,EDGEIND,63,63,/data/stf95557/edge-probability-graph-model/cluster_analysis/results/data/orig_er/bio-CE-PG_63.txt,0.033298318456409494,0.03327524556286661,471.0,1.3841138944968134e-09,0.0011440728142025345,0.0003665977970571071
bio-CE-PG,Erdős–Rényi,ER,EDGEIND,64,64,/data/stf95557/edge-probability-graph-model/cluster_analysis/results/data/orig_er/bio-CE-PG_64.txt,0.03277688138678582,0.032757189146152325,426.0,1.251873713493933e-09,0.001076250404225504,0.0003429468657115096
bio-CE-PG,Erdős–Rényi,ER,EDGEIND,65,65,/data/stf95557/edge-probability-graph-model/cluster_analysis/results/data/orig_er/bio-CE-PG_65.txt,0.03345471711849104,0.0334956033463811,463.0,1.3606045289851902e-09,0.0011128713101335587,0.0003561603731086061
bio-CE-PG,Erdős–Rényi,ER,EDGEIND,66,66,/data/stf95557/edge-probability-graph-model/cluster_analysis/results/data/orig_er/bio-CE-PG_66.txt,0.03302710980049328,0.0330094448941223,423.0,1.2430577014270745e-09,0.0010601492688499699,0.00034014728792088826
bio-CE-PG,Erdős–Rényi,ER,EDGEIND,67,67,/data/stf95557/edge-probability-graph-model/cluster_analysis/results/data/orig_er/bio-CE-PG_67.txt,0.03316520041464056,0.033170050378578675,443.0,1.3018311152061323e-09,0.001082822916900063,0.0003436244969799804
bio-CE-PG,Erdős–Rényi,ER,EDGEIND,68,68,/data/stf95557/edge-probability-graph-model/cluster_analysis/results/data/orig_er/bio-CE-PG_68.txt,0.03291418424873894,0.03294567319083129,396.0,1.1637135928253462e-09,0.0009781420652547554,0.00031120791383511037
bio-CE-PG,Erdős–Rényi,ER,EDGEIND,69,69,/data/stf95557/edge-probability-graph-model/cluster_analysis/results/data/orig_er/bio-CE-PG_69.txt,0.03278256561824955,0.03276583962594304,385.0,1.1313882152468644e-09,0.0009646773571849462,0.00030703186624568194
bio-CE-PG,Erdős–Rényi,ER,EDGEIND,70,70,/data/stf95557/edge-probability-graph-model/cluster_analysis/results/data/orig_er/bio-CE-PG_70.txt,0.033243429481800035,0.03323066822790697,473.0,1.3899912358747192e-09,0.0011501256404868542,0.0003677263114916539
bio-CE-PG,Erdős–Rényi,ER,EDGEIND,71,71,/data/stf95557/edge-probability-graph-model/cluster_analysis/results/data/orig_er/bio-CE-PG_71.txt,0.033144713153799465,0.03314426172263693,423.0,1.2430577014270745e-09,0.0010298500285968008,0.0003274643342721169
bio-CE-PG,Erdős–Rényi,ER,EDGEIND,72,72,/data/stf95557/edge-probability-graph-model/cluster_analysis/results/data/orig_er/bio-CE-PG_72.txt,0.03293057045670674,0.03293971782543189,426.0,1.251873713493933e-09,0.001063910599875336,0.00034216171355392635
bio-CE-PG,Erdős–Rényi,ER,EDGEIND,73,73,/data/stf95557/edge-probability-graph-model/cluster_analysis/results/data/orig_er/bio-CE-PG_73.txt,0.032827506213381596,0.03286588510372021,412.0,1.2107323238485924e-09,0.0010022946953188337,0.0003202061234220285
bio-CE-PG,Erdős–Rényi,ER,EDGEIND,74,74,/data/stf95557/edge-probability-graph-model/cluster_analysis/results/data/orig_er/bio-CE-PG_74.txt,0.0332861248209063,0.03332740143879601,460.0,1.3517885169183316e-09,0.0011095495228937052,0.00035799990676139656
bio-CE-PG,Erdős–Rényi,ER,EDGEIND,75,75,/data/stf95557/edge-probability-graph-model/cluster_analysis/results/data/orig_er/bio-CE-PG_75.txt,0.033169219890699694,0.033123489323142866,430.0,1.2636283962497447e-09,0.0010444088301932925,0.0003357736644504239
bio-CE-PG,Erdős–Rényi,ER,EDGEIND,76,76,/data/stf95557/edge-probability-graph-model/cluster_analysis/results/data/orig_er/bio-CE-PG_76.txt,0.03288224180613154,0.03286500410590515,441.0,1.2959537738282265e-09,0.0011087696302718413,0.00035045570430811845
bio-CE-PG,Erdős–Rényi,ER,EDGEIND,77,77,/data/stf95557/edge-probability-graph-model/cluster_analysis/results/data/orig_er/bio-CE-PG_77.txt,0.033071016229168936,0.03306669943623759,450.0,1.3224018100288025e-09,0.0011048032754552813,0.000348049704652234
bio-CE-PG,Erdős–Rényi,ER,EDGEIND,78,78,/data/stf95557/edge-probability-graph-model/cluster_analysis/results/data/orig_er/bio-CE-PG_78.txt,0.032872195563301065,0.03284511557275927,478.0,1.4046845893194836e-09,0.0011859889547541907,0.0003848204215452406
bio-CE-PG,Erdős–Rényi,ER,EDGEIND,79,79,/data/stf95557/edge-probability-graph-model/cluster_analysis/results/data/orig_er/bio-CE-PG_79.txt,0.0329715659741559,0.03299238975062706,445.0,1.3077084565840381e-09,0.0011185736217298218,0.0003605109514979205
bio-CE-PG,Erdős–Rényi,ER,EDGEIND,80,80,/data/stf95557/edge-probability-graph-model/cluster_analysis/results/data/orig_er/bio-CE-PG_80.txt,0.03307092987179166,0.03308879578513377,424.0,1.2459963721160273e-09,0.0010707602481941443,0.0003465451112200595
bio-CE-PG,Erdős–Rényi,ER,EDGEIND,81,81,/data/stf95557/edge-probability-graph-model/cluster_analysis/results/data/orig_er/bio-CE-PG_81.txt,0.033265633211927687,0.03323452518089586,467.0,1.3723592117410018e-09,0.001160374574876151,0.0003692815475804232
bio-CE-PG,Erdős–Rényi,ER,EDGEIND,82,82,/data/stf95557/edge-probability-graph-model/cluster_analysis/results/data/orig_er/bio-CE-PG_82.txt,0.032988929050444434,0.03303592679647389,430.0,1.2636283962497447e-09,0.0010642218712856647,0.00034321820712053037
bio-CE-PG,Erdős–Rényi,ER,EDGEIND,83,83,/data/stf95557/edge-probability-graph-model/cluster_analysis/results/data/orig_er/bio-CE-PG_83.txt,0.03316861900709686,0.03314125239370887,472.0,1.3870525651857662e-09,0.0011341821143245159,0.000360669233128318
bio-CE-PG,Erdős–Rényi,ER,EDGEIND,84,84,/data/stf95557/edge-probability-graph-model/cluster_analysis/results/data/orig_er/bio-CE-PG_84.txt,0.033209428963395266,0.0332231020183678,450.0,1.3224018100288025e-09,0.0010902122360575987,0.0003542428838024154
bio-CE-PG,Erdős–Rényi,ER,EDGEIND,85,85,/data/stf95557/edge-probability-graph-model/cluster_analysis/results/data/orig_er/bio-CE-PG_85.txt,0.03295904021567091,0.03298425730912175,441.0,1.2959537738282265e-09,0.0011003062643853815,0.00034939069467779043
bio-CE-PG,Erdős–Rényi,ER,EDGEIND,86,86,/data/stf95557/edge-probability-graph-model/cluster_analysis/results/data/orig_er/bio-CE-PG_86.txt,0.03311928676694254,0.03311686632501815,448.0,1.3165244686508967e-09,0.0011102175952141691,0.00035441610987363415
bio-CE-PG,Erdős–Rényi,ER,EDGEIND,87,87,/data/stf95557/edge-probability-graph-model/cluster_analysis/results/data/orig_er/bio-CE-PG_87.txt,0.0329590276588684,0.03297517969339891,455.0,1.337095163473567e-09,0.00112596031422954,0.0003578161996099144
bio-CE-PG,Erdős–Rényi,ER,EDGEIND,88,88,/data/stf95557/edge-probability-graph-model/cluster_analysis/results/data/orig_er/bio-CE-PG_88.txt,0.03340319520462762,0.03332544969799694,499.0,1.4663966737874943e-09,0.0011826132157619353,0.0003728010292655432
bio-CE-PG,Erdős–Rényi,ER,EDGEIND,89,89,/data/stf95557/edge-probability-graph-model/cluster_analysis/results/data/orig_er/bio-CE-PG_89.txt,0.033518440057847085,0.033478534288248395,500.0,1.4693353444764473e-09,0.0011765573305012292,0.00037703235635699303
bio-CE-PG,Erdős–Rényi,ER,EDGEIND,90,90,/data/stf95557/edge-probability-graph-model/cluster_analysis/results/data/orig_er/bio-CE-PG_90.txt,0.03298312989874727,0.03297340487241927,421.0,1.2371803600491687e-09,0.0010536302379364865,0.0003345955324178276
bio-CE-PG,Erdős–Rényi,ER,EDGEIND,91,91,/data/stf95557/edge-probability-graph-model/cluster_analysis/results/data/orig_er/bio-CE-PG_91.txt,0.03306788876582116,0.03307999380727206,438.0,1.2871377617613677e-09,0.0010831005608177657,0.0003446215259942117
bio-CE-PG,Erdős–Rényi,ER,EDGEIND,92,92,/data/stf95557/edge-probability-graph-model/cluster_analysis/results/data/orig_er/bio-CE-PG_92.txt,0.03297874156919662,0.032906557103390195,456.0,1.34003383416252e-09,0.001128421222815143,0.0003579641614244892
bio-CE-PG,Erdős–Rényi,ER,EDGEIND,93,93,/data/stf95557/edge-probability-graph-model/cluster_analysis/results/data/orig_er/bio-CE-PG_93.txt,0.03331970602839951,0.03340335871851945,465.0,1.366481870363096e-09,0.0011360071303788055,0.0003634673615943768
bio-CE-PG,Erdős–Rényi,ER,EDGEIND,94,94,/data/stf95557/edge-probability-graph-model/cluster_analysis/results/data/orig_er/bio-CE-PG_94.txt,0.03349614233496292,0.03349558498960678,461.0,1.3547271876072844e-09,0.001100922251246697,0.00035003391263179184
bio-CE-PG,Erdős–Rényi,ER,EDGEIND,95,95,/data/stf95557/edge-probability-graph-model/cluster_analysis/results/data/orig_er/bio-CE-PG_95.txt,0.03287830288269104,0.03288047000967468,425.0,1.24893504280498e-09,0.001050092068366347,0.00034529193010504014
bio-CE-PG,Erdős–Rényi,ER,EDGEIND,96,96,/data/stf95557/edge-probability-graph-model/cluster_analysis/results/data/orig_er/bio-CE-PG_96.txt,0.03273117510284386,0.0326987566312869,402.0,1.1813456169590636e-09,0.0010134570882646752,0.00032550893990574515
bio-CE-PG,Erdős–Rényi,ER,EDGEIND,97,97,/data/stf95557/edge-probability-graph-model/cluster_analysis/results/data/orig_er/bio-CE-PG_97.txt,0.032830799163286906,0.03283763366847144,405.0,1.1901616290259222e-09,0.0010166898211148904,0.0003302118081583963
bio-CE-PG,Erdős–Rényi,ER,EDGEIND,98,98,/data/stf95557/edge-probability-graph-model/cluster_analysis/results/data/orig_er/bio-CE-PG_98.txt,0.03300689084937779,0.032971021999334896,406.0,1.1931002997148752e-09,0.0010268818790758064,0.0003320148894295379
bio-CE-PG,Erdős–Rényi,ER,EDGEIND,99,99,/data/stf95557/edge-probability-graph-model/cluster_analysis/results/data/orig_er/bio-CE-PG_99.txt,0.03310194279736099,0.03306020318090134,482.0,1.4164392720752952e-09,0.0011784288837320175,0.00037878157713889296
bio-CE-PG,Erdős–Rényi,ER,LOCLBDG,0,0,/data/stf95557/edge-probability-graph-model/cluster_analysis/results/gen_res/ER_iter/triangle/bio-CE-PG_0.txt,0.5210490227143474,0.38036849925899885,26954516.0,0.00021020137280926496,0.48412017210549163,0.10708327710842008
bio-CE-PG,Erdős–Rényi,ER,LOCLBDG,1,1,/data/stf95557/edge-probability-graph-model/cluster_analysis/results/gen_res/ER_iter/triangle/bio-CE-PG_1.txt,0.38894410386539013,0.27000453777846234,13817778.0,6.139601803411616e-05,0.39614498786867713,0.06504302172024969
bio-CE-PG,Erdős–Rényi,ER,LOCLBDG,2,2,/data/stf95557/edge-probability-graph-model/cluster_analysis/results/gen_res/ER_iter/triangle/bio-CE-PG_2.txt,0.3185150986461701,0.259325657933026,7011415.0,2.987930985443534e-05,0.2469343594009141,0.05434695224993684
bio-CE-PG,Erdős–Rényi,ER,LOCLBDG,3,3,/data/stf95557/edge-probability-graph-model/cluster_analysis/results/gen_res/ER_iter/triangle/bio-CE-PG_3.txt,0.5293775637756459,0.2717244062997083,21615253.0,0.00012885633969837395,0.6406124450025168,0.07377831214163426
bio-CE-PG,Erdős–Rényi,ER,LOCLBDG,4,4,/data/stf95557/edge-probability-graph-model/cluster_analysis/results/gen_res/ER_iter/triangle/bio-CE-PG_4.txt,0.44162936891025517,0.19114171114784606,5607592.0,3.3053940047309726e-05,0.4623544334033168,0.044619991790977774
bio-CE-PG,Erdős–Rényi,ER,LOCLBDG,5,5,/data/stf95557/edge-probability-graph-model/cluster_analysis/results/gen_res/ER_iter/triangle/bio-CE-PG_5.txt,0.46996103414055357,0.3466958853991234,40494794.0,0.00016643627201444502,0.4673994789205115,0.09519906871718661
bio-CE-PG,Erdős–Rényi,ER,LOCLBDG,6,6,/data/stf95557/edge-probability-graph-model/cluster_analysis/results/gen_res/ER_iter/triangle/bio-CE-PG_6.txt,0.4491429882103454,0.2131238206440861,7320888.0,5.425164356474496e-05,0.46626450004096837,0.05044375404699256
bio-CE-PG,Erdős–Rényi,ER,LOCLBDG,7,7,/data/stf95557/edge-probability-graph-model/cluster_analysis/results/gen_res/ER_iter/triangle/bio-CE-PG_7.txt,0.3353032782074046,0.2236659811085733,7392342.0,2.923805328480099e-05,0.34047699870391823,0.04921174776396169
bio-CE-PG,Erdős–Rényi,ER,LOCLBDG,8,8,/data/stf95557/edge-probability-graph-model/cluster_analysis/results/gen_res/ER_iter/triangle/bio-CE-PG_8.txt,0.43016799355229296,0.3192483935707275,39797115.0,0.00015152848813101868,0.45934022604455366,0.08255630534633557
bio-CE-PG,Erdős–Rényi,ER,LOCLBDG,9,9,/data/stf95557/edge-probability-graph-model/cluster_analysis/results/gen_res/ER_iter/triangle/bio-CE-PG_9.txt,0.30051014412726734,0.19306772786541088,3131643.0,1.4024782395521646e-05,0.2808124625004553,0.035996017039974446
bio-CE-PG,Erdős–Rényi,ER,LOCLBDG,10,10,/data/stf95557/edge-probability-graph-model/cluster_analysis/results/gen_res/ER_iter/triangle/bio-CE-PG_10.txt,0.3056753973724452,0.2296709452425212,1804073.0,1.0368817751020404e-05,0.17598189072648,0.04471394087102185
bio-CE-PG,Erdős–Rényi,ER,LOCLBDG,11,11,/data/stf95557/edge-probability-graph-model/cluster_analysis/results/gen_res/ER_iter/triangle/bio-CE-PG_11.txt,0.453260420561754,0.29731574053694654,16922363.0,0.00011647542019069293,0.45320263601766353,0.07563309949284015
bio-CE-PG,Erdős–Rényi,ER,LOCLBDG,12,12,/data/stf95557/edge-probability-graph-model/cluster_analysis/results/gen_res/ER_iter/triangle/bio-CE-PG_12.txt,0.36741294322748197,0.2741689345958449,11721616.0,5.060575503444443e-05,0.3497253664393525,0.060979607948259
bio-CE-PG,Erdős–Rényi,ER,LOCLBDG,13,13,/data/stf95557/edge-probability-graph-model/cluster_analysis/results/gen_res/ER_iter/triangle/bio-CE-PG_13.txt,0.4508214383540798,0.2751859229034553,12450965.0,6.443210477789641e-05,0.46852655285088257,0.0734962959724652
bio-CE-PG,Erdős–Rényi,ER,LOCLBDG,14,14,/data/stf95557/edge-probability-graph-model/cluster_analysis/results/gen_res/ER_iter/triangle/bio-CE-PG_14.txt,0.42765651590215054,0.24989891423267468,8911662.0,4.967266039295409e-05,0.3930801233160699,0.059562806090429216
bio-CE-PG,Erdős–Rényi,ER,LOCLBDG,15,15,/data/stf95557/edge-probability-graph-model/cluster_analysis/results/gen_res/ER_iter/triangle/bio-CE-PG_15.txt,0.40986407960843285,0.37990921802091276,38552487.0,0.00017129882873440498,0.3528137644663826,0.09531231666508001
bio-CE-PG,Erdős–Rényi,ER,LOCLBDG,16,16,/data/stf95557/edge-probability-graph-model/cluster_analysis/results/gen_res/ER_iter/triangle/bio-CE-PG_16.txt,0.38641526335338344,0.27160738391345185,12043538.0,5.2540933819439196e-05,0.3438843501462892,0.06380439964872534
bio-CE-PG,Erdős–Rényi,ER,LOCLBDG,17,17,/data/stf95557/edge-probability-graph-model/cluster_analysis/results/gen_res/ER_iter/triangle/bio-CE-PG_17.txt,0.37005108160281613,0.29601864399056577,17637115.0,8.131231874366137e-05,0.3712440829347601,0.06885191698391198
bio-CE-PG,Erdős–Rényi,ER,LOCLBDG,18,18,/data/stf95557/edge-probability-graph-model/cluster_analysis/results/gen_res/ER_iter/triangle/bio-CE-PG_18.txt,0.5204272916288384,0.3093345505978116,38262892.0,0.00018457318762043026,0.5756956269385716,0.0856023581860753
bio-CE-PG,Erdős–Rényi,ER,LOCLBDG,19,19,/data/stf95557/edge-probability-graph-model/cluster_analysis/results/gen_res/ER_iter/triangle/bio-CE-PG_19.txt,0.4311916089213972,0.30863983200667816,11013439.0,8.185920515410012e-05,0.34891155410608343,0.07554711121277274
bio-CE-PG,Erdős–Rényi,ER,LOCLBDG,20,20,/data/stf95557/edge-probability-graph-model/cluster_analysis/results/gen_res/ER_iter/triangle/bio-CE-PG_20.txt,0.41420631812367004,0.2715602930814832,15724628.0,6.299263790635007e-05,0.3474962004433788,0.06650119862653732
bio-CE-PG,Erdős–Rényi,ER,LOCLBDG,21,21,/data/stf95557/edge-probability-graph-model/cluster_analysis/results/gen_res/ER_iter/triangle/bio-CE-PG_21.txt,0.39520088368639594,0.29121914953061906,28393789.0,0.00010756592543951521,0.4548469011929581,0.07029881252137725
bio-CE-PG,Erdős–Rényi,ER,LOCLBDG,22,22,/data/stf95557/edge-probability-graph-model/cluster_analysis/results/gen_res/ER_iter/triangle/bio-CE-PG_22.txt,0.21946883343270493,0.15846739263347853,366949.0,2.3221921062723155e-06,0.10857381394854553,0.02512687502503986
bio-CE-PG,Erdős–Rényi,ER,LOCLBDG,23,23,/data/stf95557/edge-probability-graph-model/cluster_analysis/results/gen_res/ER_iter/triangle/bio-CE-PG_23.txt,0.21775154291383753,0.14105871483907534,255062.0,1.4618610150944442e-06,0.10066265642126067,0.02019800122909021
bio-CE-PG,Erdős–Rényi,ER,LOCLBDG,24,24,/data/stf95557/edge-probability-graph-model/cluster_analysis/results/gen_res/ER_iter/triangle/bio-CE-PG_24.txt,0.4622970820380061,0.3014212026902657,36688633.0,0.00015880920153559988,0.4969245625464084,0.07961848141944834
bio-CE-PG,Erdős–Rényi,ER,LOCLBDG,25,25,/data/stf95557/edge-probability-graph-model/cluster_analysis/results/gen_res/ER_iter/triangle/bio-CE-PG_25.txt,0.29807886205866013,0.20297983583655338,2823604.0,1.3052179483167559e-05,0.2524573393769165,0.03725510415479143
bio-CE-PG,Erdős–Rényi,ER,LOCLBDG,26,26,/data/stf95557/edge-probability-graph-model/cluster_analysis/results/gen_res/ER_iter/triangle/bio-CE-PG_26.txt,0.5051397457464911,0.31919747704156004,17824416.0,0.00013367555483983934,0.43252879808504513,0.08993981589899841
bio-CE-PG,Erdős–Rényi,ER,LOCLBDG,27,27,/data/stf95557/edge-probability-graph-model/cluster_analysis/results/gen_res/ER_iter/triangle/bio-CE-PG_27.txt,0.44595707932644574,0.2521839492481059,15809953.0,6.189780808035286e-05,0.4719699868387847,0.06460455052835987
bio-CE-PG,Erdős–Rényi,ER,LOCLBDG,28,28,/data/stf95557/edge-probability-graph-model/cluster_analysis/results/gen_res/ER_iter/triangle/bio-CE-PG_28.txt,0.6894409345689445,0.17754742388507272,20386245.0,0.00011237735773296734,0.7680080122623881,0.05367189386935294
bio-CE-PG,Erdős–Rényi,ER,LOCLBDG,29,29,/data/stf95557/edge-probability-graph-model/cluster_analysis/results/gen_res/ER_iter/triangle/bio-CE-PG_29.txt,0.4544032653026313,0.354278863579001,21681536.0,0.00012672781225672763,0.40314612058616606,0.0991884267589247
bio-CE-PG,Erdős–Rényi,ER,LOCLBDG,30,30,/data/stf95557/edge-probability-graph-model/cluster_analysis/results/gen_res/ER_iter/triangle/bio-CE-PG_30.txt,0.6353481249472293,0.30320730502689286,57341969.0,0.00029999460401273386,0.7155684034399851,0.09896053868078458
bio-CE-PG,Erdős–Rényi,ER,LOCLBDG,31,31,/data/stf95557/edge-probability-graph-model/cluster_analysis/results/gen_res/ER_iter/triangle/bio-CE-PG_31.txt,0.42301023594559317,0.35685965338144876,33181393.0,0.0001525716086371767,0.399121044773476,0.09450250614815234
bio-CE-PG,Erdős–Rényi,ER,LOCLBDG,32,32,/data/stf95557/edge-probability-graph-model/cluster_analysis/results/gen_res/ER_iter/triangle/bio-CE-PG_32.txt,0.5538079631605395,0.19174152787275398,11083695.0,5.7670407818738064e-05,0.5733498008392196,0.05625754563581993
bio-CE-PG,Erdős–Rényi,ER,LOCLBDG,33,33,/data/stf95557/edge-probability-graph-model/cluster_analysis/results/gen_res/ER_iter/triangle/bio-CE-PG_33.txt,0.5892322752669714,0.22762026213008968,15595415.0,9.757018329088482e-05,0.6864598002686226,0.07196276069907748
bio-CE-PG,Erdős–Rényi,ER,LOCLBDG,34,34,/data/stf95557/edge-probability-graph-model/cluster_analysis/results/gen_res/ER_iter/triangle/bio-CE-PG_34.txt,0.41231103165593114,0.27525247977424294,24569974.0,9.893188392521196e-05,0.4502800519930148,0.0659816724963895
bio-CE-PG,Erdős–Rényi,ER,LOCLBDG,35,35,/data/stf95557/edge-probability-graph-model/cluster_analysis/results/gen_res/ER_iter/triangle/bio-CE-PG_35.txt,0.47708865021518854,0.19223747867630034,17502646.0,7.879752983693112e-05,0.6809019602820099,0.044188254925669974
bio-CE-PG,Erdős–Rényi,ER,LOCLBDG,36,36,/data/stf95557/edge-probability-graph-model/cluster_analysis/results/gen_res/ER_iter/triangle/bio-CE-PG_36.txt,0.42434010672313016,0.2814926305808188,11066882.0,5.680373697270702e-05,0.359524685235833,0.07249828643552453
bio-CE-PG,Erdős–Rényi,ER,LOCLBDG,37,37,/data/stf95557/edge-probability-graph-model/cluster_analysis/results/gen_res/ER_iter/triangle/bio-CE-PG_37.txt,0.30199336743836613,0.18796218019008945,1746418.0,9.788598162919538e-06,0.2320070849287983,0.034255153961352876
bio-CE-PG,Erdős–Rényi,ER,LOCLBDG,38,38,/data/stf95557/edge-probability-graph-model/cluster_analysis/results/gen_res/ER_iter/triangle/bio-CE-PG_38.txt,0.46062737785613056,0.27592335306397286,38935517.0,0.00014029257567516528,0.5322603708839033,0.07271725139997073
bio-CE-PG,Erdős–Rényi,ER,LOCLBDG,39,39,/data/stf95557/edge-probability-graph-model/cluster_analysis/results/gen_res/ER_iter/triangle/bio-CE-PG_39.txt,0.43988675846953673,0.2755875858922927,12074193.0,7.88675012534319e-05,0.4735289092902888,0.06380029097423581
bio-CE-PG,Erdős–Rényi,ER,LOCLBDG,40,40,/data/stf95557/edge-probability-graph-model/cluster_analysis/results/gen_res/ER_iter/triangle/bio-CE-PG_40.txt,0.46211564954091233,0.23489484110511671,26228616.0,0.00011004932248785649,0.6355547929590504,0.05770678485061188
bio-CE-PG,Erdős–Rényi,ER,LOCLBDG,41,41,/data/stf95557/edge-probability-graph-model/cluster_analysis/results/gen_res/ER_iter/triangle/bio-CE-PG_41.txt,0.23890525853596067,0.16948848490927215,884490.0,3.325542248649432e-06,0.14622690437105595,0.02815979268241679
bio-CE-PG,Erdős–Rényi,ER,LOCLBDG,42,42,/data/stf95557/edge-probability-graph-model/cluster_analysis/results/gen_res/ER_iter/triangle/bio-CE-PG_42.txt,0.6383365484569993,0.26254114469137896,29486447.0,0.0001926027185197183,0.6934892201467865,0.0891985719559589
bio-CE-PG,Erdős–Rényi,ER,LOCLBDG,43,43,/data/stf95557/edge-probability-graph-model/cluster_analysis/results/gen_res/ER_iter/triangle/bio-CE-PG_43.txt,0.43592807453909443,0.2761926097247896,30477026.0,0.0001265602128597698,0.4872118664099997,0.06892369009801128
bio-CE-PG,Erdős–Rényi,ER,LOCLBDG,44,44,/data/stf95557/edge-probability-graph-model/cluster_analysis/results/gen_res/ER_iter/triangle/bio-CE-PG_44.txt,0.3701589578790313,0.2637205919733581,12891828.0,5.5081711915248876e-05,0.3782371964821095,0.05697358195815047
bio-CE-PG,Erdős–Rényi,ER,LOCLBDG,45,45,/data/stf95557/edge-probability-graph-model/cluster_analysis/results/gen_res/ER_iter/triangle/bio-CE-PG_45.txt,0.43800692815272957,0.3609584033841328,49492047.0,0.00017832989732912335,0.442102788112797,0.09663766947872285
bio-CE-PG,Erdős–Rényi,ER,LOCLBDG,46,46,/data/stf95557/edge-probability-graph-model/cluster_analysis/results/gen_res/ER_iter/triangle/bio-CE-PG_46.txt,0.2997349276763004,0.18248438313132942,1932394.0,9.075982976481887e-06,0.22887977684428837,0.03411580005650258
bio-CE-PG,Erdős–Rényi,ER,LOCLBDG,47,47,/data/stf95557/edge-probability-graph-model/cluster_analysis/results/gen_res/ER_iter/triangle/bio-CE-PG_47.txt,0.41344864875807885,0.28922672542241046,10323268.0,5.115389816279944e-05,0.3465459765202201,0.07554130552335053
bio-CE-PG,Erdős–Rényi,ER,LOCLBDG,48,48,/data/stf95557/edge-probability-graph-model/cluster_analysis/results/gen_res/ER_iter/triangle/bio-CE-PG_48.txt,0.4524122860960018,0.37484728889898633,45395225.0,0.00019395594680427818,0.4181055680871262,0.10310385105032964
bio-CE-PG,Erdős–Rényi,ER,LOCLBDG,49,49,/data/stf95557/edge-probability-graph-model/cluster_analysis/results/gen_res/ER_iter/triangle/bio-CE-PG_49.txt,0.36245397596481216,0.17278979379665294,1188949.0,1.1160915291468069e-05,0.2583770976654443,0.04025776379861708
bio-CE-PG,Erdős–Rényi,ER,LOCLBDG,50,50,/data/stf95557/edge-probability-graph-model/cluster_analysis/results/gen_res/ER_iter/triangle/bio-CE-PG_50.txt,0.5658501112037071,0.2721728949075858,24862562.0,0.00012057702883694579,0.5692022101749051,0.0884334484689833
bio-CE-PG,Erdős–Rényi,ER,LOCLBDG,51,51,/data/stf95557/edge-probability-graph-model/cluster_analysis/results/gen_res/ER_iter/triangle/bio-CE-PG_51.txt,0.32828164420306283,0.18315235517185177,1432787.0,8.638524958186868e-06,0.21534811903667667,0.03687149834229764
bio-CE-PG,Erdős–Rényi,ER,LOCLBDG,52,52,/data/stf95557/edge-probability-graph-model/cluster_analysis/results/gen_res/ER_iter/triangle/bio-CE-PG_52.txt,0.49853502555608104,0.36852336768240024,36882194.0,0.0002684809600486463,0.5087706153560089,0.10035684485474554
bio-CE-PG,Erdős–Rényi,ER,LOCLBDG,53,53,/data/stf95557/edge-probability-graph-model/cluster_analysis/results/gen_res/ER_iter/triangle/bio-CE-PG_53.txt,0.3586472292647591,0.3072198846781425,17372694.0,6.941711608062934e-05,0.28289627796192285,0.0729878033431184
bio-CE-PG,Erdős–Rényi,ER,LOCLBDG,54,54,/data/stf95557/edge-probability-graph-model/cluster_analysis/results/gen_res/ER_iter/triangle/bio-CE-PG_54.txt,0.38622539881064755,0.3358201654039683,13194087.0,7.910051673953117e-05,0.3200108221833658,0.0773894285398185
bio-CE-PG,Erdős–Rényi,ER,LOCLBDG,55,55,/data/stf95557/edge-probability-graph-model/cluster_analysis/results/gen_res/ER_iter/triangle/bio-CE-PG_55.txt,0.29646408243869427,0.24907039554393995,6856925.0,2.5142246943765306e-05,0.21295396325651444,0.04938878655938116
bio-CE-PG,Erdős–Rényi,ER,LOCLBDG,56,56,/data/stf95557/edge-probability-graph-model/cluster_analysis/results/gen_res/ER_iter/triangle/bio-CE-PG_56.txt,0.5012266539927654,0.24732657241034273,7998362.0,6.144117964655934e-05,0.42585247113232627,0.07480064204042655
bio-CE-PG,Erdős–Rényi,ER,LOCLBDG,57,57,/data/stf95557/edge-probability-graph-model/cluster_analysis/results/gen_res/ER_iter/triangle/bio-CE-PG_57.txt,0.33740687100635613,0.2614405535788671,5819848.0,3.0364482647104692e-05,0.2506132073968597,0.0564297790704309
bio-CE-PG,Erdős–Rényi,ER,LOCLBDG,58,58,/data/stf95557/edge-probability-graph-model/cluster_analysis/results/gen_res/ER_iter/triangle/bio-CE-PG_58.txt,0.5146820281739827,0.3251924447143382,34431982.0,0.000199566064920112,0.5687759232691276,0.09078189858431933
bio-CE-PG,Erdős–Rényi,ER,LOCLBDG,59,59,/data/stf95557/edge-probability-graph-model/cluster_analysis/results/gen_res/ER_iter/triangle/bio-CE-PG_59.txt,0.4974448314522044,0.2802515567252973,25474373.0,0.0001296924470263291,0.5370425606322008,0.08150298133532499
bio-CE-PG,Erdős–Rényi,ER,LOCLBDG,60,60,/data/stf95557/edge-probability-graph-model/cluster_analysis/results/gen_res/ER_iter/triangle/bio-CE-PG_60.txt,0.3287012918816252,0.23629335104822008,5690492.0,2.8736095060851027e-05,0.2917700016647996,0.050022263880130896
bio-CE-PG,Erdős–Rényi,ER,LOCLBDG,61,61,/data/stf95557/edge-probability-graph-model/cluster_analysis/results/gen_res/ER_iter/triangle/bio-CE-PG_61.txt,0.3302536941830091,0.3063445104204075,18719368.0,6.932910858305395e-05,0.2643843541326531,0.06619553119718052
bio-CE-PG,Erdős–Rényi,ER,LOCLBDG,62,62,/data/stf95557/edge-probability-graph-model/cluster_analysis/results/gen_res/ER_iter/triangle/bio-CE-PG_62.txt,0.49373026045978097,0.2993645043686169,30880534.0,0.00013297385057813453,0.5288330004603891,0.0836579761066463
bio-CE-PG,Erdős–Rényi,ER,LOCLBDG,63,63,/data/stf95557/edge-probability-graph-model/cluster_analysis/results/gen_res/ER_iter/triangle/bio-CE-PG_63.txt,0.326429732431978,0.22342137622954636,2527968.0,1.2696908653755503e-05,0.24978486495678354,0.04772304437012973
bio-CE-PG,Erdős–Rényi,ER,LOCLBDG,64,64,/data/stf95557/edge-probability-graph-model/cluster_analysis/results/gen_res/ER_iter/triangle/bio-CE-PG_64.txt,0.36678641659953604,0.2498602527224851,7380292.0,3.522231904214845e-05,0.31259576837468367,0.05535812727572665
bio-CE-PG,Erdős–Rényi,ER,LOCLBDG,65,65,/data/stf95557/edge-probability-graph-model/cluster_analysis/results/gen_res/ER_iter/triangle/bio-CE-PG_65.txt,0.5480345313113127,0.2426866627402711,13418823.0,8.714585501247595e-05,0.5714384125820029,0.07611241491397018
bio-CE-PG,Erdős–Rényi,ER,LOCLBDG,66,66,/data/stf95557/edge-probability-graph-model/cluster_analysis/results/gen_res/ER_iter/triangle/bio-CE-PG_66.txt,0.6187641800464643,0.20272020411510197,7119808.0,9.685378670339541e-05,0.6004667869623929,0.0746278020779572
bio-CE-PG,Erdős–Rényi,ER,LOCLBDG,67,67,/data/stf95557/edge-probability-graph-model/cluster_analysis/results/gen_res/ER_iter/triangle/bio-CE-PG_67.txt,0.31810941740431686,0.16928243034308593,841906.0,7.634026477542606e-06,0.20666790754898923,0.0321515575491763
bio-CE-PG,Erdős–Rényi,ER,LOCLBDG,68,68,/data/stf95557/edge-probability-graph-model/cluster_analysis/results/gen_res/ER_iter/triangle/bio-CE-PG_68.txt,0.39710759809908064,0.25363402753218395,12719352.0,5.942287604400948e-05,0.4273376657792183,0.05946471227354202
bio-CE-PG,Erdős–Rényi,ER,LOCLBDG,69,69,/data/stf95557/edge-probability-graph-model/cluster_analysis/results/gen_res/ER_iter/triangle/bio-CE-PG_69.txt,0.46008834406553456,0.1341606238900509,1606719.0,1.9326588308798037e-05,0.34650143256063515,0.03371578934764233
bio-CE-PG,Erdős–Rényi,ER,LOCLBDG,70,70,/data/stf95557/edge-probability-graph-model/cluster_analysis/results/gen_res/ER_iter/triangle/bio-CE-PG_70.txt,0.5131413773223484,0.23415971703089297,11602658.0,7.644793252514789e-05,0.48460318179022827,0.06572486309820094
bio-CE-PG,Erdős–Rényi,ER,LOCLBDG,71,71,/data/stf95557/edge-probability-graph-model/cluster_analysis/results/gen_res/ER_iter/triangle/bio-CE-PG_71.txt,0.6015470808014605,0.36448717495305416,49836687.0,0.0002896623524354898,0.5946238729722613,0.1216822387127362
bio-CE-PG,Erdős–Rényi,ER,LOCLBDG,72,72,/data/stf95557/edge-probability-graph-model/cluster_analysis/results/gen_res/ER_iter/triangle/bio-CE-PG_72.txt,0.4247432429925734,0.19827840171742409,6024488.0,2.913899128570532e-05,0.42299311952874724,0.04787199680065993
bio-CE-PG,Erdős–Rényi,ER,LOCLBDG,73,73,/data/stf95557/edge-probability-graph-model/cluster_analysis/results/gen_res/ER_iter/triangle/bio-CE-PG_73.txt,0.373169635409909,0.2099214871399553,2697881.0,2.33454713971916e-05,0.2894596706714556,0.044450986119532826
bio-CE-PG,Erdős–Rényi,ER,LOCLBDG,74,74,/data/stf95557/edge-probability-graph-model/cluster_analysis/results/gen_res/ER_iter/triangle/bio-CE-PG_74.txt,0.39553110235747174,0.19821698164025225,6361070.0,2.8941306085206026e-05,0.3811828613418406,0.04748131239478823
bio-CE-PG,Erdős–Rényi,ER,LOCLBDG,75,75,/data/stf95557/edge-probability-graph-model/cluster_analysis/results/gen_res/ER_iter/triangle/bio-CE-PG_75.txt,0.3072085802769723,0.26337830498014564,6293560.0,2.9875984202410425e-05,0.24785552389104507,0.05434931235451379
bio-CE-PG,Erdős–Rényi,ER,LOCLBDG,76,76,/data/stf95557/edge-probability-graph-model/cluster_analysis/results/gen_res/ER_iter/triangle/bio-CE-PG_76.txt,0.3339432041186252,0.22362789848747758,8500196.0,3.236470404192195e-05,0.33304174677047477,0.0474349398210117
bio-CE-PG,Erdős–Rényi,ER,LOCLBDG,77,77,/data/stf95557/edge-probability-graph-model/cluster_analysis/results/gen_res/ER_iter/triangle/bio-CE-PG_77.txt,0.40791042622634566,0.32199591794931204,12150035.0,7.777794937812947e-05,0.30817185709998013,0.08324137033579047
bio-CE-PG,Erdős–Rényi,ER,LOCLBDG,78,78,/data/stf95557/edge-probability-graph-model/cluster_analysis/results/gen_res/ER_iter/triangle/bio-CE-PG_78.txt,0.36324148597092976,0.23053167545702122,3410147.0,2.2599461627890148e-05,0.2661616785227087,0.053512208994448834
bio-CE-PG,Erdős–Rényi,ER,LOCLBDG,79,79,/data/stf95557/edge-probability-graph-model/cluster_analysis/results/gen_res/ER_iter/triangle/bio-CE-PG_79.txt,0.48929552448742597,0.3643297370022489,35501364.0,0.00018984884291072844,0.4628964894842249,0.10217574129532937
bio-CE-PG,Erdős–Rényi,ER,LOCLBDG,80,80,/data/stf95557/edge-probability-graph-model/cluster_analysis/results/gen_res/ER_iter/triangle/bio-CE-PG_80.txt,0.584175705598035,0.14027507668981615,8981430.0,4.660461951582508e-05,0.6399298839716817,0.035581459602888076
bio-CE-PG,Erdős–Rényi,ER,LOCLBDG,81,81,/data/stf95557/edge-probability-graph-model/cluster_analysis/results/gen_res/ER_iter/triangle/bio-CE-PG_81.txt,0.30492603223237674,0.19695633277837063,2284597.0,1.081626520077832e-05,0.25527781751742684,0.0374424999754814
bio-CE-PG,Erdős–Rényi,ER,LOCLBDG,82,82,/data/stf95557/edge-probability-graph-model/cluster_analysis/results/gen_res/ER_iter/triangle/bio-CE-PG_82.txt,0.4705415347034845,0.3270400044942289,60386410.0,0.000208099962415805,0.5027921583240287,0.08622242602269724
bio-CE-PG,Erdős–Rényi,ER,LOCLBDG,83,83,/data/stf95557/edge-probability-graph-model/cluster_analysis/results/gen_res/ER_iter/triangle/bio-CE-PG_83.txt,0.4484320459875447,0.3002252940425497,20110750.0,8.286954006863766e-05,0.39220321480847165,0.07818338616038958
bio-CE-PG,Erdős–Rényi,ER,LOCLBDG,84,84,/data/stf95557/edge-probability-graph-model/cluster_analysis/results/gen_res/ER_iter/triangle/bio-CE-PG_84.txt,0.38526034233015416,0.3087334640020332,28791240.0,0.0001186388780530693,0.41379090649760314,0.07242004658951393
bio-CE-PG,Erdős–Rényi,ER,LOCLBDG,85,85,/data/stf95557/edge-probability-graph-model/cluster_analysis/results/gen_res/ER_iter/triangle/bio-CE-PG_85.txt,0.46673487271984754,0.333318694864931,20847742.0,0.00013896467229907128,0.4627006317404018,0.09100154448822428
bio-CE-PG,Erdős–Rényi,ER,LOCLBDG,86,86,/data/stf95557/edge-probability-graph-model/cluster_analysis/results/gen_res/ER_iter/triangle/bio-CE-PG_86.txt,0.48042319690830304,0.3654898179536191,30716421.0,0.00014465198956162888,0.40030201779884067,0.10558478750274292
bio-CE-PG,Erdős–Rényi,ER,LOCLBDG,87,87,/data/stf95557/edge-probability-graph-model/cluster_analysis/results/gen_res/ER_iter/triangle/bio-CE-PG_87.txt,0.2995179395698297,0.22452041304233442,3793445.0,1.8201192774787626e-05,0.24216469457382242,0.04012318728293404
bio-CE-PG,Erdős–Rényi,ER,LOCLBDG,88,88,/data/stf95557/edge-probability-graph-model/cluster_analysis/results/gen_res/ER_iter/triangle/bio-CE-PG_88.txt,0.41019539325982296,0.23968943817811272,8286259.0,5.228854317683993e-05,0.3833833053564263,0.05311930261267796
bio-CE-PG,Erdős–Rényi,ER,LOCLBDG,89,89,/data/stf95557/edge-probability-graph-model/cluster_analysis/results/gen_res/ER_iter/triangle/bio-CE-PG_89.txt,0.41059539325932715,0.3059998341639974,25388471.0,0.00011340156589518144,0.41861934726363437,0.07492694165611627
bio-CE-PG,Erdős–Rényi,ER,LOCLBDG,90,90,/data/stf95557/edge-probability-graph-model/cluster_analysis/results/gen_res/ER_iter/triangle/bio-CE-PG_90.txt,0.5665897034528109,0.24239274591119175,24378391.0,0.00010552349577681607,0.6131913663899502,0.08104987622939717
bio-CE-PG,Erdős–Rényi,ER,LOCLBDG,91,91,/data/stf95557/edge-probability-graph-model/cluster_analysis/results/gen_res/ER_iter/triangle/bio-CE-PG_91.txt,0.448200598607069,0.3858932026755621,67814361.0,0.00024803366210935713,0.4319507244773333,0.10995394359433637
bio-CE-PG,Erdős–Rényi,ER,LOCLBDG,92,92,/data/stf95557/edge-probability-graph-model/cluster_analysis/results/gen_res/ER_iter/triangle/bio-CE-PG_92.txt,0.621447612544848,0.2062558557517775,18271770.0,0.00011237482059062487,0.7224588289513402,0.0643719434012097
bio-CE-PG,Erdős–Rényi,ER,LOCLBDG,93,93,/data/stf95557/edge-probability-graph-model/cluster_analysis/results/gen_res/ER_iter/triangle/bio-CE-PG_93.txt,0.3988894973524737,0.2729561732221461,17323492.0,9.238580290156033e-05,0.487036438972118,0.062473978034790725
bio-CE-PG,Erdős–Rényi,ER,LOCLBDG,94,94,/data/stf95557/edge-probability-graph-model/cluster_analysis/results/gen_res/ER_iter/triangle/bio-CE-PG_94.txt,0.30832608377824344,0.1879920802774578,1520178.0,7.432087583316243e-06,0.1893317177811443,0.03931308947742583
bio-CE-PG,Erdős–Rényi,ER,LOCLBDG,95,95,/data/stf95557/edge-probability-graph-model/cluster_analysis/results/gen_res/ER_iter/triangle/bio-CE-PG_95.txt,0.47338049533388904,0.2531102511220176,21947422.0,0.00011357501959958194,0.6033016558101952,0.06421977456830658
bio-CE-PG,Erdős–Rényi,ER,LOCLBDG,96,96,/data/stf95557/edge-probability-graph-model/cluster_analysis/results/gen_res/ER_iter/triangle/bio-CE-PG_96.txt,0.4132161163975884,0.2513876388462269,13328785.0,5.89135286474517e-05,0.4203524820746924,0.06306319837762016
bio-CE-PG,Erdős–Rényi,ER,LOCLBDG,97,97,/data/stf95557/edge-probability-graph-model/cluster_analysis/results/gen_res/ER_iter/triangle/bio-CE-PG_97.txt,0.28325399579904165,0.2435898282193502,2289407.0,1.589696664394069e-05,0.18059721297875275,0.04633155837916779
bio-CE-PG,Erdős–Rényi,ER,LOCLBDG,98,98,/data/stf95557/edge-probability-graph-model/cluster_analysis/results/gen_res/ER_iter/triangle/bio-CE-PG_98.txt,0.31980462344718175,0.23884309621770075,6866288.0,2.708831147427847e-05,0.2673868804960648,0.05053809652865992
bio-CE-PG,Erdős–Rényi,ER,LOCLBDG,99,99,/data/stf95557/edge-probability-graph-model/cluster_analysis/results/gen_res/ER_iter/triangle/bio-CE-PG_99.txt,0.5703602199463791,0.27625457608538617,21005139.0,0.00014373355732814278,0.5248514540288015,0.08388102058065293
bio-CE-PG,Erdős–Rényi,ER,PARABDG,0,0,/data/stf95557/edge-probability-graph-model/cluster_analysis/results/gen_res/ER_iid/triangle/bio-CE-PG_0.txt,0.565243767050701,0.7929154951960192,6664581.0,0.00014183817358523427,0.5331050662963627,0.2604625854230848
bio-CE-PG,Erdős–Rényi,ER,PARABDG,1,1,/data/stf95557/edge-probability-graph-model/cluster_analysis/results/gen_res/ER_iid/triangle/bio-CE-PG_1.txt,0.5207539532606208,0.7628165598457362,9100836.0,0.00011361865657810755,0.4833141471112064,0.24940375301012233
bio-CE-PG,Erdős–Rényi,ER,PARABDG,2,2,/data/stf95557/edge-probability-graph-model/cluster_analysis/results/gen_res/ER_iid/triangle/bio-CE-PG_2.txt,0.434707791923095,0.6743513837183812,12404072.0,8.587800427647955e-05,0.376122752990212,0.21518032048524494
bio-CE-PG,Erdős–Rényi,ER,PARABDG,3,3,/data/stf95557/edge-probability-graph-model/cluster_analysis/results/gen_res/ER_iid/triangle/bio-CE-PG_3.txt,0.5562148322671471,0.7927971198815024,7607550.0,0.0001638059841455624,0.5215029762091781,0.2601098936569751
bio-CE-PG,Erdős–Rényi,ER,PARABDG,4,4,/data/stf95557/edge-probability-graph-model/cluster_analysis/results/gen_res/ER_iid/triangle/bio-CE-PG_4.txt,0.5012473819520747,0.7353154050936489,8886296.0,9.900088637172396e-05,0.46071097174723763,0.2391215180848282
bio-CE-PG,Erdős–Rényi,ER,PARABDG,5,5,/data/stf95557/edge-probability-graph-model/cluster_analysis/results/gen_res/ER_iid/triangle/bio-CE-PG_5.txt,0.47645452047617803,0.7155116269873025,10885623.0,0.00010316115453981984,0.43135093977906863,0.23164615294846308
bio-CE-PG,Erdős–Rényi,ER,PARABDG,6,6,/data/stf95557/edge-probability-graph-model/cluster_analysis/results/gen_res/ER_iid/triangle/bio-CE-PG_6.txt,0.46038298462132005,0.7047590132396218,10524828.0,0.00010005885577567984,0.40777919819419634,0.2270395685736678
bio-CE-PG,Erdős–Rényi,ER,PARABDG,7,7,/data/stf95557/edge-probability-graph-model/cluster_analysis/results/gen_res/ER_iid/triangle/bio-CE-PG_7.txt,0.47104097270887263,0.7186911816542196,9657310.0,9.882965806269986e-05,0.42210766250407533,0.2323940103610118
bio-CE-PG,Erdős–Rényi,ER,PARABDG,8,8,/data/stf95557/edge-probability-graph-model/cluster_analysis/results/gen_res/ER_iid/triangle/bio-CE-PG_8.txt,0.5044596456610566,0.7430619643079737,9196662.0,0.00010878087202433669,0.46603509307685387,0.24209261718916056
bio-CE-PG,Erdős–Rényi,ER,PARABDG,9,9,/data/stf95557/edge-probability-graph-model/cluster_analysis/results/gen_res/ER_iid/triangle/bio-CE-PG_9.txt,0.47865993113971694,0.7259003484644596,9294759.0,0.00011486459582419145,0.4292109424106236,0.2349214221504383
bio-CE-PG,Erdős–Rényi,ER,PARABDG,10,10,/data/stf95557/edge-probability-graph-model/cluster_analysis/results/gen_res/ER_iid/triangle/bio-CE-PG_10.txt,0.5026310241373149,0.7521640648860048,9681136.0,0.00012463025714615293,0.45718968615147376,0.24472506094485427
bio-CE-PG,Erdős–Rényi,ER,PARABDG,11,11,/data/stf95557/edge-probability-graph-model/cluster_analysis/results/gen_res/ER_iid/triangle/bio-CE-PG_11.txt,0.5484889022603215,0.7873588091013658,6337505.0,0.00012585103892969108,0.5139680003437535,0.25807255227681486
bio-CE-PG,Erdős–Rényi,ER,PARABDG,12,12,/data/stf95557/edge-probability-graph-model/cluster_analysis/results/gen_res/ER_iid/triangle/bio-CE-PG_12.txt,0.45343355555227133,0.6987823941066106,11657666.0,9.285835375863481e-05,0.40062842408886074,0.2247806333160653
bio-CE-PG,Erdős–Rényi,ER,PARABDG,13,13,/data/stf95557/edge-probability-graph-model/cluster_analysis/results/gen_res/ER_iid/triangle/bio-CE-PG_13.txt,0.4972841770080999,0.7352810911234898,8300268.0,0.00010153857938791632,0.4559111322772362,0.23922201934292395
bio-CE-PG,Erdős–Rényi,ER,PARABDG,14,14,/data/stf95557/edge-probability-graph-model/cluster_analysis/results/gen_res/ER_iid/triangle/bio-CE-PG_14.txt,0.4749333992732759,0.7207418529739331,10060980.0,9.969881763084146e-05,0.42390150710430907,0.23311913439852397
bio-CE-PG,Erdős–Rényi,ER,PARABDG,15,15,/data/stf95557/edge-probability-graph-model/cluster_analysis/results/gen_res/ER_iid/triangle/bio-CE-PG_15.txt,0.4381404760701415,0.6695742036602268,11838699.0,7.666264819644333e-05,0.3835076110033838,0.21397118903298132
bio-CE-PG,Erdős–Rényi,ER,PARABDG,16,16,/data/stf95557/edge-probability-graph-model/cluster_analysis/results/gen_res/ER_iid/triangle/bio-CE-PG_16.txt,0.5593365866419275,0.8004922364177666,6294443.0,0.00014778873131481558,0.5267105670494977,0.26325189870091664
bio-CE-PG,Erdős–Rényi,ER,PARABDG,17,17,/data/stf95557/edge-probability-graph-model/cluster_analysis/results/gen_res/ER_iid/triangle/bio-CE-PG_17.txt,0.5606989299142003,0.7986727894572245,6846823.0,0.00017634828122058255,0.528964435795504,0.2621935446959439
bio-CE-PG,Erdős–Rényi,ER,PARABDG,18,18,/data/stf95557/edge-probability-graph-model/cluster_analysis/results/gen_res/ER_iid/triangle/bio-CE-PG_18.txt,0.4874412384035922,0.7322530210695402,8601532.0,9.09288646540045e-05,0.4429374893244043,0.23776437228393618
bio-CE-PG,Erdős–Rényi,ER,PARABDG,19,19,/data/stf95557/edge-probability-graph-model/cluster_analysis/results/gen_res/ER_iid/triangle/bio-CE-PG_19.txt,0.4982595651494872,0.746218961749614,9201150.0,0.0001063176695055918,0.45621052565208786,0.2429324052466383
bio-CE-PG,Erdős–Rényi,ER,PARABDG,20,20,/data/stf95557/edge-probability-graph-model/cluster_analysis/results/gen_res/ER_iid/triangle/bio-CE-PG_20.txt,0.5306397651567565,0.781523538630907,8587514.0,0.00011402405863987569,0.49490732072294885,0.25608763222613007
bio-CE-PG,Erdős–Rényi,ER,PARABDG,21,21,/data/stf95557/edge-probability-graph-model/cluster_analysis/results/gen_res/ER_iid/triangle/bio-CE-PG_21.txt,0.515892670732685,0.75671308448123,9130838.0,0.00012464272319786632,0.4767572538054778,0.24691659815778333
bio-CE-PG,Erdős–Rényi,ER,PARABDG,22,22,/data/stf95557/edge-probability-graph-model/cluster_analysis/results/gen_res/ER_iid/triangle/bio-CE-PG_22.txt,0.47039550759722726,0.718002849879309,11353024.0,0.00010759063246616969,0.42043081828534307,0.23182822649807
